"","country","td_ICCPR","td_ICESCR","td_ICERD","td_CEDAW","td_CRC","td_CAT","td_CRPD","td_CPED","td_ICRMW","bin_ICCPR","bin_ICESCR","bin_ICERD","bin_CEDAW","bin_CRC","bin_CAT","bin_CRPD","bin_CPED","bin_ICRMW","hdi_m","gdp_m","span_y","Main.religion"
"1","Afghanistan",5893.04166666667,5893.04166666667,6406.04166666667,8404.04166666667,1589.04166666667,842.041666666667,7945.04166666667,NA,NA,1,1,1,1,1,1,1,0,0,0.426555555555556,1346.30769230769,0,"Islam"
"2","Albania",9068.04166666667,9068.04166666667,10368.0416666667,5184.04166666667,829.041666666667,3439.04166666667,8091.04166666667,223.083333333333,119.041666666667,1,1,1,1,1,1,1,1,1,0.691133333333333,6897.57692307692,19,"Islam"
"3","Algeria",8316.04166666667,8316.04166666667,2246.04166666667,5926.04166666667,1243.04166666667,1737.04166666667,6926.04166666667,NA,-655.958333333333,1,1,1,1,1,1,1,0,1,0.672,9904,0,"Islam"
"4","Angola",9166.04166666667,9166.04166666667,19643.0416666667,2391.04166666667,380.041666666667,12714.0416666667,8553.04166666667,NA,NA,1,1,1,1,1,1,1,0,0,0.491526315789474,4187.53846153846,0,"Christianity"
"5","Argentina",7185.04166666667,7185.04166666667,1016.04166666667,1962.04166666667,379.041666666667,653.041666666667,6468.04166666667,259.083333333333,17.0416666666667,1,1,1,1,1,1,1,1,1,0.7692,16245.5769230769,33,"Christianity"
"6","Armenia",9696.04166666667,9778.04166666667,10046.0416666667,4944.04166666667,1311.04166666667,3199.04166666667,7218.04166666667,1396.08333333333,NA,1,1,1,1,1,1,1,1,0,0.67725,5560.61538461538,0,"Christianity"
"7","Australia",4999.04166666667,3291.04166666667,3570.04166666667,1244.04166666667,392.041666666667,1702.04166666667,6421.04166666667,NA,NA,1,1,1,1,1,1,1,0,0,0.904785714285714,37950.3461538462,115,"Christianity"
"8","Austria",4296.04166666667,4296.04166666667,2331.04166666667,760.041666666667,990.041666666667,961.041666666667,6492.04166666667,1896.08333333333,NA,1,1,1,1,1,1,1,1,0,0.848333333333333,36219.5769230769,70,"Christianity"
"9","Azerbaijan",9382.04166666667,9382.04166666667,11196.0416666667,5609.04166666667,997.041666666667,4267.04166666667,6616.04166666667,NA,-2947.95833333333,1,1,1,1,1,1,1,0,1,0.69304347826087,8014.92307692308,0,"Islam"
"10","Bahrain",14533.0416666667,14905.0416666667,8862.04166666667,8144.04166666667,815.041666666667,4834.04166666667,7583.04166666667,NA,NA,1,1,1,1,1,1,1,0,0,0.785366666666667,28948.9230769231,0,"Islam"
"11","Bangladesh",12328.0416666667,11626.0416666667,4920.04166666667,1711.04166666667,256.041666666667,5047.04166666667,6191.04166666667,NA,1660.04166666667,1,1,1,1,1,1,1,0,1,0.484966666666667,1886.11538461538,0,"Islam"
"12","Barbados",2222.04166666667,2222.04166666667,2514.04166666667,229.041666666667,323.041666666667,NA,8107.04166666667,NA,NA,1,1,1,1,1,0,1,0,0,0.7555,16215.9615384615,50,"Christianity"
"13","Belarus",2533.04166666667,2533.04166666667,1204.04166666667,340.041666666667,315.041666666667,823.041666666667,9478.04166666667,NA,NA,1,1,1,1,1,1,1,0,0,0.740130434782609,12279.7307692308,0,"Christianity"
"14","Belgium",5980.04166666667,5980.04166666667,3516.04166666667,1957.04166666667,756.041666666667,5310.04166666667,6771.04166666667,1525.08333333333,NA,1,1,1,1,1,1,1,1,0,0.8703,33437.3846153846,122,"Christianity"
"15","Benin",9228.04166666667,9228.04166666667,13128.0416666667,4394.04166666667,256.041666666667,2649.04166666667,7870.04166666667,3870.08333333333,4168.04166666667,1,1,1,1,1,1,1,1,1,0.421766666666667,1641.38461538462,25,"Christianity"
"16","Bosnia and Herzegovina",9766.04166666667,9766.04166666667,10069.0416666667,4932.04166666667,1381.04166666667,3187.04166666667,7024.04166666667,1827.08333333333,-3706.95833333333,1,1,1,1,1,1,1,1,1,0.718555555555556,6445.73076923077,24,"Christianity"
"17","Botswana",12330.0416666667,NA,2983.04166666667,6009.04166666667,1940.04166666667,5751.04166666667,NA,NA,NA,1,0,1,1,1,1,0,0,0,0.608633333333333,10570.1923076923,50,"Christianity"
"18","Brazil",9180.04166666667,9180.04166666667,827.041666666667,1432.04166666667,308.041666666667,1753.04166666667,6436.04166666667,1340.08333333333,NA,1,1,1,1,1,1,1,1,0,0.684333333333333,10111.3461538462,31,"Christianity"
"19","Bulgaria",1385.04166666667,1385.04166666667,230.041666666667,709.041666666667,560.041666666667,736.041666666667,7765.04166666667,NA,NA,1,1,1,1,1,1,1,0,0,0.738466666666667,11880,26,"Christianity"
"20","Burkina Faso",11717.0416666667,11717.0416666667,3131.04166666667,2783.04166666667,284.041666666667,5138.04166666667,6792.04166666667,979.083333333333,-1167.95833333333,1,1,1,1,1,1,1,1,1,0.357,1351.19230769231,0,"Islam"
"21","Burundi",8555.04166666667,8555.04166666667,4328.04166666667,4330.04166666667,333.041666666667,2992.04166666667,8556.04166666667,NA,NA,1,1,1,1,1,1,1,0,0,0.337733333333333,955.153846153846,11,"Christianity"
"22","Cambodia",9303.04166666667,9303.04166666667,6551.04166666667,4611.04166666667,1060.04166666667,2866.04166666667,8038.04166666667,2281.08333333333,NA,1,1,1,1,1,1,1,1,0,0.469107142857143,1861.26923076923,0,"Buddhism"
"23","Cameroon",6413.04166666667,6413.04166666667,2011.04166666667,5288.04166666667,1148.04166666667,739.041666666667,NA,NA,NA,1,1,1,1,1,1,0,0,0,0.468833333333333,2345.61538461538,0,"Christianity"
"24","Canada",3452.04166666667,3452.04166666667,1758.04166666667,649.041666666667,753.041666666667,926.041666666667,7023.04166666667,NA,NA,1,1,1,1,1,1,1,0,0,0.882344827586207,37456.9615384615,149,"Christianity"
"25","Central African Republic",5267.04166666667,5267.04166666667,1911.04166666667,4129.04166666667,885.041666666667,11628.0416666667,9429.04166666667,3483.08333333333,NA,1,1,1,1,1,1,1,1,0,0.324433333333333,865.846153846154,0,"Christianity"
"26","Chad",10412.0416666667,10412.0416666667,4257.04166666667,5578.04166666667,316.041666666667,3833.04166666667,10411.0416666667,NA,NA,1,1,1,1,1,1,1,0,0,0.356833333333333,1431,0,"Islam"
"27","Chile",1892.04166666667,1892.04166666667,2129.04166666667,3568.04166666667,266.041666666667,1390.04166666667,6433.04166666667,984.083333333333,-686.958333333333,1,1,1,1,1,1,1,1,1,0.767066666666667,14138.8846153846,26,"Christianity"
"28","China",NA,12530.0416666667,5852.04166666667,248.041666666667,833.041666666667,1394.04166666667,6436.04166666667,NA,NA,0,1,1,1,1,1,1,0,0,0.620633333333333,6438.80769230769,0,"Unaffiliated Religions"
"29","Colombia",1058.04166666667,1058.04166666667,5734.04166666667,689.041666666667,434.041666666667,1093.04166666667,7448.04166666667,1930.08333333333,-4275.95833333333,1,1,1,1,1,1,1,1,1,0.667633333333333,8816.65384615385,58,"Christianity"
"30","Comoros",NA,NA,14160.0416666667,5357.04166666667,1310.04166666667,11854.0416666667,9312.04166666667,NA,NA,0,0,1,1,1,1,1,0,0,0.481857142857143,1595.61538461538,10,"Islam"
"31","Congo",6147.04166666667,6147.04166666667,8238.04166666667,877.041666666667,1424.04166666667,6806.04166666667,8659.04166666667,NA,3706.04166666667,1,1,1,1,1,1,1,0,1,0.534933333333333,3238.46153846154,0,"Christianity"
"32","Costa Rica",724.041666666667,724.041666666667,391.041666666667,2225.04166666667,274.041666666667,3258.04166666667,6497.04166666667,1784.08333333333,NA,1,1,1,1,1,1,1,1,0,0.7192,10474.5769230769,67,"Christianity"
"33","Croatia",9442.04166666667,9442.04166666667,9792.04166666667,4575.04166666667,1057.04166666667,2863.04166666667,6084.04166666667,NA,NA,1,1,1,1,1,1,1,0,0,0.761214285714286,16006.7307692308,16,"Christianity"
"34","Cuba",NA,NA,2247.04166666667,138.041666666667,639.041666666667,3810.04166666667,6106.04166666667,675.083333333333,NA,0,0,1,1,1,1,1,1,0,0.714566666666667,5527.4,0,"Christianity"
"35","Cyprus",848.041666666667,848.041666666667,486.041666666667,1970.04166666667,444.041666666667,2411.04166666667,7496.04166666667,NA,NA,1,1,1,1,1,1,1,0,0,0.8087,24503.4230769231,39,"Christianity"
"36","Denmark",1857.04166666667,1857.04166666667,2179.04166666667,1146.04166666667,606.041666666667,898.041666666667,6793.04166666667,NA,NA,1,1,1,1,1,1,1,0,0,0.8715,36579.5769230769,115,"Christianity"
"37","Djibouti",13118.0416666667,13118.0416666667,16719.0416666667,6850.04166666667,381.041666666667,6539.04166666667,7853.04166666667,NA,NA,1,1,1,1,1,1,1,0,0,0.413826086956522,2651.53846153846,0,"Islam"
"38","Dominica",9690.04166666667,9690.04166666667,19501.0416666667,198.041666666667,478.041666666667,NA,7958.04166666667,4427.08333333333,NA,1,1,1,1,1,0,1,1,0,0.712611111111111,8236.07692307692,38,"Christianity"
"39","Dominican Republic",4047.04166666667,4047.04166666667,6364.04166666667,915.041666666667,568.041666666667,9906.04166666667,6818.04166666667,NA,NA,1,1,1,1,1,1,1,0,0,0.66648275862069,8929,50,"Christianity"
"40","Ecuador",821.041666666667,821.041666666667,275.041666666667,618.041666666667,123.041666666667,1206.04166666667,6316.04166666667,935.083333333333,-1826.95833333333,1,1,1,1,1,1,1,1,1,0.6868,7182.84615384615,13,"Christianity"
"41","Egypt",5518.04166666667,5518.04166666667,496.041666666667,566.041666666667,228.041666666667,562.041666666667,6327.04166666667,NA,-5099.95833333333,1,1,1,1,1,1,1,0,1,0.616166666666667,7054.03846153846,0,"Islam"
"42","El Salvador",4742.04166666667,4742.04166666667,5092.04166666667,536.041666666667,232.041666666667,4207.04166666667,6205.04166666667,NA,-1424.95833333333,1,1,1,1,1,1,1,0,1,0.620310344827586,5924.61538461538,32,"Christianity"
"43","Equatorial Guinea",7598.04166666667,7598.04166666667,13440.0416666667,1697.04166666667,938.041666666667,6511.04166666667,NA,NA,NA,1,1,1,1,1,1,0,0,0,0.569888888888889,24846.8076923077,0,"Christianity"
"44","Estonia",9085.04166666667,9085.04166666667,9435.04166666667,4251.04166666667,700.041666666667,2506.04166666667,7834.04166666667,NA,NA,1,1,1,1,1,1,1,0,0,0.800321428571429,15982.2692307692,25,"Unaffiliated Religions"
"45","Ethiopia",9684.04166666667,9684.04166666667,3837.04166666667,558.041666666667,540.041666666667,3381.04166666667,7141.04166666667,NA,NA,1,1,1,1,1,1,1,0,0,0.384555555555556,910.730769230769,0,"Christianity"
"46","Finland",3178.04166666667,3178.04166666667,1666.04166666667,2378.04166666667,577.041666666667,1724.04166666667,9276.04166666667,NA,NA,1,1,1,1,1,1,1,0,0,0.859466666666667,32759.9615384615,99,"Christianity"
"47","France",5082.04166666667,5082.04166666667,2045.04166666667,1383.04166666667,260.041666666667,435.041666666667,7002.04166666667,543.083333333333,NA,1,1,1,1,1,1,1,1,0,0.846666666666667,32098.6923076923,70,"Christianity"
"48","Gabon",5890.04166666667,5890.04166666667,5183.04166666667,1056.04166666667,1542.04166666667,5751.04166666667,6131.04166666667,1391.08333333333,NA,1,1,1,1,1,1,1,1,0,0.646166666666667,12060.0769230769,0,"Christianity"
"49","Gambia",4489.04166666667,4406.04166666667,4756.04166666667,4794.04166666667,261.041666666667,12345.0416666667,8966.04166666667,4200.08333333333,4252.04166666667,1,1,1,1,1,1,1,1,1,0.402392857142857,1846.46153846154,0,"Islam"
"50","Georgia",10010.0416666667,10010.0416666667,12216.0416666667,5352.04166666667,1655.04166666667,3607.04166666667,8486.04166666667,NA,NA,1,1,1,1,1,1,1,0,0,0.729055555555556,6042.38461538462,12,"Christianity"
"51","Germany",2568.04166666667,2568.04166666667,1242.04166666667,1957.04166666667,837.041666666667,2121.04166666667,6643.04166666667,909.083333333333,NA,1,1,1,1,1,1,1,1,0,0.882571428571429,36422.7692307692,26,"Christianity"
"52","Ghana",12329.0416666667,12329.0416666667,261.041666666667,2133.04166666667,77.0416666666667,5750.04166666667,7896.04166666667,NA,-2342.95833333333,1,1,1,1,1,1,1,0,1,0.507833333333333,2503.19230769231,19,"Christianity"
"53","Greece",11108.0416666667,6736.04166666667,1640.04166666667,1193.04166666667,1268.04166666667,1396.04166666667,7835.04166666667,3023.08333333333,NA,1,1,1,1,1,1,1,1,0,0.812733333333333,23542.6923076923,42,"Christianity"
"54","Guatemala",9282.04166666667,7835.04166666667,6237.04166666667,894.041666666667,198.041666666667,1852.04166666667,6685.04166666667,NA,-1424.95833333333,1,1,1,1,1,1,1,0,1,0.558,5369.76923076923,30,"Christianity"
"55","Guinea",4067.04166666667,4067.04166666667,4101.04166666667,891.041666666667,235.041666666667,1765.04166666667,6261.04166666667,NA,-2342.95833333333,1,1,1,1,1,1,1,0,1,0.35975,1182.69230769231,0,"Islam"
"56","Guinea-Bissau",16036.0416666667,9340.04166666667,16386.0416666667,2001.04166666667,273.041666666667,10515.0416666667,8681.04166666667,NA,4276.04166666667,1,1,1,1,1,1,1,0,1,0.429615384615385,1304.65384615385,0,"Islam"
"57","Haiti",8828.04166666667,17108.0416666667,2555.04166666667,506.041666666667,2026.04166666667,NA,6792.04166666667,NA,NA,1,1,1,1,1,0,1,0,0,0.446333333333333,1818.15384615385,0,"Christianity"
"58","Honduras",11220.0416666667,5187.04166666667,13442.0416666667,1097.04166666667,263.041666666667,4378.04166666667,6327.04166666667,368.083333333333,-545.958333333333,1,1,1,1,1,1,1,1,1,0.5607,3887.34615384615,6,"Christianity"
"59","Hungary",2599.04166666667,2599.04166666667,499.041666666667,296.041666666667,686.041666666667,856.041666666667,6058.04166666667,NA,NA,1,1,1,1,1,1,1,0,0,0.781137931034483,16992.9615384615,26,"Christianity"
"60","Iceland",4642.04166666667,4642.04166666667,447.041666666667,1935.04166666667,1073.04166666667,4335.04166666667,9411.04166666667,NA,NA,1,1,1,1,1,1,1,0,0,0.865733333333333,35285.1538461538,98,"Christianity"
"61","India",4508.04166666667,4508.04166666667,1078.04166666667,4878.04166666667,1117.04166666667,NA,6131.04166666667,NA,NA,1,1,1,1,1,0,1,0,0,0.517633333333333,3014.5,66,"Hinduism"
"62","Indonesia",14324.0416666667,14324.0416666667,12239.0416666667,1657.04166666667,289.041666666667,5070.04166666667,7652.04166666667,NA,1941.04166666667,1,1,1,1,1,1,1,0,1,0.6117,5525.92307692308,17,"Islam"
"63","Iraq",1511.04166666667,1511.04166666667,1485.04166666667,2356.04166666667,1668.04166666667,9705.04166666667,8128.04166666667,1334.08333333333,NA,1,1,1,1,1,1,1,1,0,0.611233333333333,6144,0,"Islam"
"64","Ireland",8403.04166666667,8403.04166666667,12792.0416666667,2123.04166666667,1043.04166666667,6331.04166666667,9954.04166666667,NA,NA,1,1,1,1,1,1,1,0,0,0.855033333333333,41044.3461538462,94,"Christianity"
"65","Israel",9067.04166666667,9067.04166666667,4761.04166666667,4233.04166666667,682.041666666667,2488.04166666667,7955.04166666667,NA,NA,1,1,1,1,1,1,1,0,0,0.8531,27810.9615384615,68,"Judaism"
"66","Italy",4301.04166666667,4301.04166666667,3667.04166666667,1927.04166666667,654.041666666667,1494.04166666667,6723.04166666667,3114.08333333333,NA,1,1,1,1,1,1,1,1,0,0.831933333333333,32178.4615384615,70,"Christianity"
"67","Jamaica",3223.04166666667,3223.04166666667,1991.04166666667,1693.04166666667,540.041666666667,NA,5946.04166666667,NA,597.041666666667,1,1,1,1,1,0,1,0,1,0.684033333333333,6097.46153846154,54,"Christianity"
"68","Japan",4580.04166666667,4580.04166666667,10951.0416666667,1942.04166666667,1614.04166666667,5314.04166666667,8434.04166666667,846.083333333333,NA,1,1,1,1,1,1,1,1,0,0.8603,33536.6538461538,64,"Unaffiliated Religions"
"69","Jordan",3095.04166666667,3095.04166666667,3082.04166666667,4505.04166666667,550.041666666667,2529.04166666667,6313.04166666667,NA,NA,1,1,1,1,1,1,1,0,0,0.698566666666667,6755.61538461538,0,"Islam"
"70","Kazakhstan",14294.0416666667,14294.0416666667,11936.0416666667,6752.04166666667,1726.04166666667,5007.04166666667,8890.04166666667,700.083333333333,NA,1,1,1,1,1,1,1,1,0,0.729555555555556,12380.6923076923,0,"Islam"
"71","Kenya",1973.04166666667,1973.04166666667,13050.0416666667,1469.04166666667,252.041666666667,4456.04166666667,6362.04166666667,NA,NA,1,1,1,1,1,1,1,0,0,0.497266666666667,2350.19230769231,14,"Christianity"
"72","Kuwait",10759.0416666667,10759.0416666667,1029.04166666667,5298.04166666667,700.041666666667,4106.04166666667,8283.04166666667,NA,NA,1,1,1,1,1,1,1,0,0,0.7675,55789.1538461538,0,"Islam"
"73","Kyrgyzstan",10167.0416666667,10167.0416666667,11581.0416666667,6190.04166666667,1782.04166666667,4652.04166666667,10376.0416666667,NA,-1225.95833333333,1,1,1,1,1,1,1,0,1,0.616821428571429,3454.46153846154,0,"Islam"
"74","Latvia",9261.04166666667,9261.04166666667,9611.04166666667,4427.04166666667,876.041666666667,2682.04166666667,7013.04166666667,NA,NA,1,1,1,1,1,1,1,0,0,0.764607142857143,14190.3076923077,23,"Christianity"
"75","Lebanon",2159.04166666667,2159.04166666667,2152.04166666667,6255.04166666667,540.041666666667,5778.04166666667,NA,NA,NA,1,1,1,1,1,1,0,0,0,0.749615384615385,12403.1538461538,0,"Islam"
"76","Lesotho",9409.04166666667,9409.04166666667,2144.04166666667,5652.04166666667,841.041666666667,6181.04166666667,6559.04166666667,2443.08333333333,-507.958333333333,1,1,1,1,1,1,1,1,1,0.484333333333333,2284.34615384615,14,"Christianity"
"77","Liberia",13805.0416666667,13805.0416666667,3972.04166666667,1599.04166666667,1292.04166666667,7226.04166666667,7891.04166666667,NA,NA,1,1,1,1,1,1,1,0,0,0.397736842105263,569.730769230769,10,"Christianity"
"78","Libya",1256.04166666667,1256.04166666667,925.041666666667,3363.04166666667,1242.04166666667,1618.04166666667,9919.04166666667,NA,-962.958333333333,1,1,1,1,1,1,1,0,1,0.715066666666667,22438,0,"Islam"
"79","Lithuania",9115.04166666667,9115.04166666667,12042.0416666667,5071.04166666667,802.041666666667,4070.04166666667,7183.04166666667,2329.08333333333,NA,1,1,1,1,1,1,1,1,0,0.782892857142857,14917.4230769231,24,"Christianity"
"80","Luxembourg",6099.04166666667,6099.04166666667,4514.04166666667,3260.04166666667,1568.04166666667,1023.04166666667,7587.04166666667,NA,NA,1,1,1,1,1,1,1,0,0,0.8492,54315.1923076923,126,"Christianity"
"81","Madagascar",1658.04166666667,1751.04166666667,1144.04166666667,3303.04166666667,484.041666666667,7673.04166666667,8942.04166666667,NA,3018.04166666667,1,1,1,1,1,1,1,0,1,0.492,1077.65384615385,0,"Christianity"
"82","Malawi",9878.04166666667,9878.04166666667,11130.0416666667,2567.04166666667,408.041666666667,4201.04166666667,6827.04166666667,3759.08333333333,NA,1,1,1,1,1,1,1,1,0,0.398366666666667,978.846153846154,22,"Christianity"
"83","Malaysia",NA,NA,NA,5604.04166666667,1915.04166666667,NA,7153.04166666667,NA,NA,0,0,0,1,1,0,1,0,0,0.7224,14806.6153846154,0,"Islam"
"84","Mali",2779.04166666667,2779.04166666667,3129.04166666667,2019.04166666667,304.041666666667,5191.04166666667,6320.04166666667,824.083333333333,-1341.95833333333,1,1,1,1,1,1,1,1,1,0.329366666666667,1124.5,0,"Islam"
"85","Malta",8682.04166666667,8682.04166666667,1983.04166666667,4024.04166666667,314.041666666667,2103.04166666667,7967.04166666667,2919.08333333333,NA,1,1,1,1,1,1,1,1,0,0.7996,20783.5384615385,52,"Christianity"
"86","Mauritania",13861.0416666667,13861.0416666667,8393.04166666667,7740.04166666667,542.041666666667,7282.04166666667,7777.04166666667,2014.08333333333,-14.9583333333333,1,1,1,1,1,1,1,1,1,0.452793103448276,2415.5,0,"Islam"
"87","Mauritius",2563.04166666667,2563.04166666667,2352.04166666667,1591.04166666667,248.041666666667,2921.04166666667,6961.04166666667,NA,NA,1,1,1,1,1,1,1,0,0,0.694433333333333,14761.2307692308,48,"Hinduism"
"88","Mexico",5221.04166666667,5221.04166666667,3348.04166666667,387.041666666667,305.041666666667,409.041666666667,6208.04166666667,354.083333333333,-2891.95833333333,1,1,1,1,1,1,1,1,1,0.709033333333333,12404.1538461538,16,"Christianity"
"89","Mongolia",2904.04166666667,2904.04166666667,1324.04166666667,506.041666666667,227.041666666667,6254.04166666667,6721.04166666667,2876.08333333333,NA,1,1,1,1,1,1,1,1,0,0.631733333333333,5376.30769230769,26,"Buddhism"
"90","Montenegro",14566.0416666667,14566.0416666667,14916.0416666667,9732.04166666667,6181.04166666667,7987.04166666667,6894.04166666667,1635.08333333333,NA,1,1,1,1,1,1,1,1,0,0.7858,10692.6538461538,10,"Christianity"
"91","Morocco",4531.04166666667,4531.04166666667,1823.04166666667,4860.04166666667,1309.04166666667,3115.04166666667,6686.04166666667,2237.08333333333,-4977.95833333333,1,1,1,1,1,1,1,1,1,0.5528,5602.11538461538,0,"Islam"
"92","Mozambique",9724.04166666667,NA,6327.04166666667,6260.04166666667,1618.04166666667,5391.04166666667,7713.04166666667,NA,2386.04166666667,1,0,1,1,1,1,1,0,1,0.3232,799.192307692308,0,"Christianity"
"93","Myanmar",NA,18567.0416666667,NA,6352.04166666667,602.041666666667,NA,7659.04166666667,NA,NA,0,1,0,1,1,0,1,0,0,0.460766666666667,2526.26923076923,0,"Buddhism"
"94","Namibia",10219.0416666667,10219.0416666667,6169.04166666667,4650.04166666667,314.041666666667,3640.04166666667,6195.04166666667,NA,NA,1,1,1,1,1,1,1,0,0,0.587178571428571,6691.03846153846,0,"Christianity"
"95","Nepal",8925.04166666667,8925.04166666667,1866.04166666667,4069.04166666667,298.041666666667,2346.04166666667,7080.04166666667,NA,NA,1,1,1,1,1,1,1,0,0,0.462533333333333,1666.07692307692,8,"Hinduism"
"96","Netherlands",4388.04166666667,4388.04166666667,2180.04166666667,4161.04166666667,1904.04166666667,1472.04166666667,9310.04166666667,1454.08333333333,NA,1,1,1,1,1,1,1,1,0,0.8802,39357.5,119,"Christianity"
"97","New Zealand",4405.04166666667,4405.04166666667,2528.04166666667,1776.04166666667,1233.04166666667,1826.04166666667,6491.04166666667,NA,NA,1,1,1,1,1,1,1,0,0,0.872066666666667,26973.8076923077,159,"Christianity"
"98","Nicaragua",4845.04166666667,4845.04166666667,4439.04166666667,605.041666666667,319.041666666667,7512.04166666667,6198.04166666667,NA,-467.958333333333,1,1,1,1,1,1,1,0,1,0.575633333333333,3191.15384615385,32,"Christianity"
"99","Niger",7031.04166666667,7031.04166666667,492.041666666667,7160.04166666667,314.041666666667,5047.04166666667,6398.04166666667,3038.08333333333,771.041666666667,1,1,1,1,1,1,1,1,1,0.272566666666667,769.961538461538,7,"Islam"
"100","Nigeria",9732.04166666667,9732.04166666667,664.041666666667,1930.04166666667,515.041666666667,6044.04166666667,7220.04166666667,850.083333333333,902.041666666667,1,1,1,1,1,1,1,1,1,0.494733333333333,3833.19230769231,33,"Christianity"
"101","Norway",2108.04166666667,2108.04166666667,1689.04166666667,446.041666666667,414.041666666667,576.041666666667,8203.04166666667,4528.08333333333,NA,1,1,1,1,1,1,1,1,0,0.9102,58190.7692307692,116,"Christianity"
"102","Oman",NA,19544.0416666667,13526.0416666667,9474.04166666667,2576.04166666667,12965.0416666667,6594.04166666667,4823.08333333333,NA,0,1,1,1,1,1,1,1,0,0.774555555555556,27030.6923076923,0,"Islam"
"103","Pakistan",15905.0416666667,15108.0416666667,274.041666666667,5855.04166666667,357.041666666667,9326.04166666667,7504.04166666667,NA,NA,1,1,1,1,1,1,1,0,0,0.474066666666667,3351.92307692308,8,"Islam"
"104","Panama",3745.04166666667,3745.04166666667,603.041666666667,607.041666666667,387.041666666667,987.041666666667,6076.04166666667,1547.08333333333,NA,1,1,1,1,1,1,1,1,0,0.7241,12294.9230769231,25,"Christianity"
"105","Paraguay",9318.04166666667,9318.04166666667,13754.0416666667,2592.04166666667,309.041666666667,1918.04166666667,6469.04166666667,1222.08333333333,595.041666666667,1,1,1,1,1,1,1,1,1,0.6381,5538.88461538462,13,"Christianity"
"106","Peru",4161.04166666667,4161.04166666667,2108.04166666667,926.041666666667,288.041666666667,1305.04166666667,6252.04166666667,2007.08333333333,-509.958333333333,1,1,1,1,1,1,1,1,1,0.6805,6740.23076923077,15,"Christianity"
"107","Philippines",7261.04166666667,2740.04166666667,633.041666666667,522.041666666667,274.041666666667,555.041666666667,6328.04166666667,NA,-4233.95833333333,1,1,1,1,1,1,1,0,1,0.6347,4887.73076923077,30,"Christianity"
"108","Poland",3755.04166666667,3755.04166666667,1080.04166666667,151.041666666667,564.041666666667,1689.04166666667,7952.04166666667,NA,NA,1,1,1,1,1,1,1,0,0,0.787866666666667,15691.4615384615,27,"Christianity"
"109","Portugal",4209.04166666667,4255.04166666667,6090.04166666667,151.041666666667,305.041666666667,1522.04166666667,6854.04166666667,2495.08333333333,NA,1,1,1,1,1,1,1,1,0,0.7844,21828.5,40,"Christianity"
"110","Qatar",18794.0416666667,18794.0416666667,3866.04166666667,10651.0416666667,1960.04166666667,5510.04166666667,6356.04166666667,NA,NA,1,1,1,1,1,1,1,0,0,0.809633333333333,87565.1923076923,0,"Islam"
"111","Romania",2925.04166666667,2925.04166666667,1729.04166666667,677.041666666667,312.041666666667,2199.04166666667,7349.04166666667,NA,NA,1,1,1,1,1,1,1,0,0,0.744392857142857,11538.3461538462,25,"Christianity"
"112","Rwanda",3053.04166666667,3053.04166666667,3403.04166666667,366.041666666667,430.041666666667,8771.04166666667,6572.04166666667,NA,678.041666666667,1,1,1,1,1,1,1,0,1,0.372666666666667,1029.61538461538,0,"Christianity"
"113","Saint Lucia",NA,NA,8821.04166666667,951.041666666667,1304.04166666667,NA,10768.0416666667,NA,NA,0,0,1,1,1,0,1,0,0,0.717833333333333,7468.84615384615,37,"Christianity"
"114","Sao Tome and Principe",18298.0416666667,18298.0416666667,18648.0416666667,8494.04166666667,540.041666666667,11719.0416666667,9088.04166666667,NA,3626.04166666667,1,1,1,1,1,1,1,0,1,0.508266666666667,2378.69230769231,25,"Christianity"
"115","Saudi Arabia",NA,NA,11599.0416666667,7495.04166666667,2258.04166666667,4670.04166666667,6398.04166666667,NA,NA,0,0,1,1,1,1,1,0,0,0.771357142857143,29120.2307692308,0,"Islam"
"116","Senegal",4087.04166666667,4087.04166666667,2311.04166666667,1802.04166666667,253.041666666667,619.041666666667,7203.04166666667,622.083333333333,-2798.95833333333,1,1,1,1,1,1,1,1,1,0.413533333333333,1970.11538461538,16,"Islam"
"117","Serbia",12515.0416666667,12515.0416666667,12865.0416666667,7681.04166666667,4130.04166666667,5936.04166666667,6800.04166666667,1510.08333333333,NA,1,1,1,1,1,1,1,1,0,0.734892857142857,9008.84615384615,10,"Christianity"
"118","Seychelles",9282.04166666667,9282.04166666667,4459.04166666667,4448.04166666667,291.041666666667,2703.04166666667,6863.04166666667,3582.08333333333,-4435.95833333333,1,1,1,1,1,1,1,1,1,0.747611111111111,18170.4230769231,0,"Christianity"
"119","Sierra Leone",10853.0416666667,10853.0416666667,589.041666666667,3177.04166666667,210.041666666667,5980.04166666667,7230.04166666667,NA,NA,1,1,1,1,1,1,1,0,0,0.329833333333333,1285.11538461538,14,"Islam"
"120","Singapore",NA,NA,18969.0416666667,5696.04166666667,2145.04166666667,NA,8248.04166666667,NA,NA,0,0,1,1,1,0,1,0,0,0.842107142857143,42264.6538461538,0,"Buddhism"
"121","Slovakia",9670.04166666667,9670.04166666667,10020.0416666667,4836.04166666667,1285.04166666667,3091.04166666667,7099.04166666667,2817.08333333333,NA,1,1,1,1,1,1,1,1,0,0.790964285714286,17596.0769230769,23,"Christianity"
"122","Slovenia",9344.04166666667,9344.04166666667,9694.04166666667,4510.04166666667,959.041666666667,3140.04166666667,6337.04166666667,NA,NA,1,1,1,1,1,1,1,0,0,0.839107142857143,22717.3076923077,25,"Christianity"
"123","South Africa",11692.0416666667,17569.0416666667,12042.0416666667,5767.04166666667,2034.04166666667,5113.04166666667,6191.04166666667,NA,NA,1,1,1,1,1,1,1,0,0,0.643071428571429,9741.34615384615,22,"Christianity"
"124","Spain",3795.04166666667,3795.04166666667,997.041666666667,1405.04166666667,381.041666666667,1045.04166666667,6194.04166666667,909.083333333333,NA,1,1,1,1,1,1,1,1,0,0.825966666666667,27223.1923076923,39,"Christianity"
"125","Sri Lanka",4936.04166666667,4936.04166666667,5903.04166666667,583.041666666667,599.041666666667,3311.04166666667,9183.04166666667,3344.08333333333,-3983.95833333333,1,1,1,1,1,1,1,1,1,0.695666666666667,6003.23076923077,0,"Buddhism"
"126","Sudan",7042.04166666667,7042.04166666667,4108.04166666667,NA,256.041666666667,NA,6702.04166666667,NA,NA,1,1,1,0,1,0,1,0,0,0.42375,2359.92307692308,0,"Islam"
"127","Sweden",1826.04166666667,1826.04166666667,2176.04166666667,123.041666666667,221.041666666667,394.041666666667,6572.04166666667,NA,NA,1,1,1,1,1,1,1,0,0,0.881833333333333,36186.3846153846,105,"Christianity"
"128","Switzerland",9326.04166666667,9326.04166666667,10570.0416666667,6235.04166666667,2653.04166666667,722.041666666667,8519.04166666667,3535.08333333333,NA,1,1,1,1,1,1,1,1,0,0.889333333333333,47471.0769230769,168,"Christianity"
"129","Tajikistan",11717.0416666667,11717.0416666667,10613.0416666667,4987.04166666667,1436.04166666667,3684.04166666667,NA,NA,-1854.95833333333,1,1,1,1,1,1,0,0,1,0.596535714285714,2316.53846153846,0,"Islam"
"130","Thailand",10920.0416666667,11961.0416666667,13552.0416666667,1987.04166666667,858.041666666667,8331.04166666667,6433.04166666667,NA,NA,1,1,1,1,1,1,1,0,0,0.662166666666667,9672.53846153846,0,"Buddhism"
"131","Togo",6379.04166666667,6379.04166666667,2446.04166666667,1304.04166666667,254.041666666667,1073.04166666667,7378.04166666667,2670.08333333333,5062.04166666667,1,1,1,1,1,1,1,1,1,0.4356,1236.26923076923,0,"Christianity"
"132","Trinidad and Tobago",4398.04166666667,4385.04166666667,2844.04166666667,3604.04166666667,745.041666666667,NA,8955.04166666667,NA,NA,1,1,1,1,1,0,1,0,0,0.730033333333333,18738.5769230769,54,"Christianity"
"133","Tunisia",833.041666666667,833.041666666667,388.041666666667,2029.04166666667,801.041666666667,1383.04166666667,6315.04166666667,1552.08333333333,NA,1,1,1,1,1,1,1,1,0,0.656533333333333,8865.30769230769,60,"Islam"
"134","Turkey",13440.0416666667,13440.0416666667,13418.0416666667,2120.04166666667,1961.04166666667,1331.04166666667,6859.04166666667,NA,-861.958333333333,1,1,1,1,1,1,1,0,1,0.671333333333333,13669.5769230769,33,"Islam"
"135","Turkmenistan",11104.0416666667,11104.0416666667,10509.0416666667,6270.04166666667,1400.04166666667,5310.04166666667,6470.04166666667,NA,NA,1,1,1,1,1,1,1,0,0,0.6925,9585.19230769231,0,"Islam"
"136","Uganda",10424.0416666667,7351.04166666667,5449.04166666667,1969.04166666667,270.041666666667,693.041666666667,6491.04166666667,NA,-4101.95833333333,1,1,1,1,1,1,1,0,1,0.409333333333333,1369.57692307692,0,"Christianity"
"137","Ukraine",2533.04166666667,2533.04166666667,1172.04166666667,376.041666666667,646.041666666667,806.041666666667,6988.04166666667,3059.08333333333,NA,1,1,1,1,1,1,1,1,0,0.706607142857143,7563.76923076923,25,"Christianity"
"138","United Arab Emirates",NA,NA,3103.04166666667,8985.04166666667,2601.04166666667,10083.0416666667,7031.04166666667,NA,NA,0,0,1,1,1,1,1,0,0,0.80775,83268.875,0,"Islam"
"139","Uruguay",1212.04166666667,1212.04166666667,983.041666666667,587.041666666667,365.041666666667,683.041666666667,6630.04166666667,705.083333333333,-2181.95833333333,1,1,1,1,1,1,1,1,1,0.745666666666667,13235.3076923077,31,"Christianity"
"140","Uzbekistan",10523.0416666667,10523.0416666667,10873.0416666667,5618.04166666667,1682.04166666667,3944.04166666667,NA,NA,NA,1,1,1,1,1,1,0,0,0,0.654444444444444,5130.84615384615,0,"Islam"
"141","Yemen",7370.04166666667,7370.04166666667,2493.04166666667,1551.04166666667,527.041666666667,2521.04166666667,6673.04166666667,NA,NA,1,1,1,1,1,1,1,0,0,0.455571428571429,3180.57692307692,0,"Islam"
"142","Zambia",6335.04166666667,6335.04166666667,2236.04166666667,1938.04166666667,746.041666666667,5049.04166666667,6985.04166666667,1466.08333333333,NA,1,1,1,1,1,1,1,1,0,0.4766,1958.73076923077,8,"Christianity"
"143","Zimbabwe",8924.04166666667,8924.04166666667,9274.04166666667,4090.04166666667,295.041666666667,NA,8315.04166666667,NA,NA,1,1,1,1,1,0,1,0,0,0.469966666666667,2193.92307692308,0,"Christianity"
